{
	"class_name" : "PinholeCameraParameters",
	"extrinsic" : 
	[
		0.89580737428360024,
		-0.40574409334913664,
		0.18138599419858453,
		0.0,
		-0.30231982564801169,
		-0.85544576309320886,
		-0.42049407775381764,
		0.0,
		0.32577886855853255,
		0.32184511355334411,
		-0.88897910643757971,
		0.0,
		-59.988208577269369,
		-61.850532988699626,
		118.6672562218402,
		1.0
	],
	"intrinsic" : 
	{
		"height" : 1055,
		"intrinsic_matrix" : 
		[
			913.65680099258282,
			0.0,
			0.0,
			0.0,
			913.65680099258282,
			0.0,
			959.5,
			527.0,
			1.0
		],
		"width" : 1920
	},
	"version_major" : 1,
	"version_minor" : 0
}